,Iters,Time,DB,PC,DI
0,999,28.29361,0.5341732671837416,0.6723250238900296,0.0004968144504092434
